,#RecordID,PDBFileID,Mutations,DDG,ResidueExposures,DSSPTypes,DSSPSimpleTypes,IndividualDDGs,chain,mutation,position,wildtype,w_prob,m_prob
1200,1200,5AZU,A L 50 V,0.36,0.0,E,S,0.358508604207_0.358508604207,A,V,50,L,0.975423,4.5889e-05
1201,1204,5AZU,A V 5 A,0.956,0.1875,E,S,0.956022944551,A,A,5,V,0.539591,0.00219805
1202,1205,5AZU,A V 60 G,3.1069999999999998,0.0625,H,H,3.10707456979_3.10707456979,A,G,60,V,0.444417,3.16167e-05
1203,1193,5AZU,A I 7 A,3.346,0.0,E,S,3.34608030593,A,A,7,I,0.779378,2.40086e-05
1204,1194,5AZU,A I 81 A,1.912,0.192307692308,S,O,1.43403441683_2.39005736138,A,A,81,I,0.873027,4.6494e-05
1205,1195,5AZU,A I 81 T,2.51,0.192307692308,S,O,2.50956022945_2.50956022945,A,T,81,I,0.873027,0.00713271
1206,1196,5AZU,A I 81 V,0.155,0.192307692308,S,O,0.0717017208413_0.0717017208413_0.239005736138_0.239005736138,A,V,81,I,0.873027,0.056273
1207,1187,5AZU,A A 82 G,1.673,0.0619469026549,E,S,1.67304015296,A,G,82,A,0.710407,0.0035167
1208,1206,5AZU,A V 95 A,0.956,0.14375,E,S,0.956022944551,A,A,95,V,0.336929,0.0101253
1209,1189,5AZU,A F 97 A,2.6289999999999996,0.045871559633,E,S,2.62906309751,A,A,97,F,0.810901,1.05409e-07
